"","TG_T10i","TG_T11i","TG_T12r","TG_T13i","TG_T14r","TG_T15r","TG_T17r","TG_T18i","TG_T19r","TG_T1r","TG_T20i","TG_T2i","TG_T3r","TG_T4i","TG_T6i","TG_T8i","TG_T9r"
"1811",NA,NA,NA,NA,NA,0.897061465487326,NA,NA,NA,NA,NA,NA,NA,NA,NA,NA,NA
"1812",NA,NA,NA,NA,NA,0.695353923113828,NA,NA,NA,NA,NA,NA,NA,NA,NA,NA,NA
"1813",NA,NA,NA,NA,NA,0.842698363403144,NA,NA,NA,NA,NA,NA,NA,NA,NA,NA,NA
"1814",NA,NA,NA,NA,NA,0.883984516826899,NA,NA,NA,NA,NA,NA,NA,NA,NA,NA,NA
"1815",NA,NA,NA,NA,NA,0.695951193492612,NA,NA,NA,NA,NA,NA,NA,NA,NA,NA,NA
"1816",NA,NA,NA,NA,NA,0.750467492821211,NA,NA,NA,NA,NA,NA,NA,NA,NA,NA,NA
"1817",NA,NA,NA,NA,NA,0.812362844122791,NA,NA,NA,NA,NA,NA,NA,NA,NA,NA,NA
"1818",NA,NA,NA,NA,NA,0.806268914444663,NA,NA,NA,NA,NA,NA,NA,NA,NA,NA,NA
"1819",NA,NA,NA,NA,NA,0.734574984726513,NA,NA,NA,NA,NA,NA,NA,NA,NA,NA,NA
"1820",NA,NA,NA,NA,NA,0.825056189296511,NA,NA,NA,NA,NA,NA,NA,NA,NA,NA,NA
"1821",NA,NA,NA,NA,NA,0.899046008044756,NA,NA,NA,NA,NA,NA,NA,NA,NA,NA,NA
"1822",NA,NA,NA,NA,NA,0.907242242199255,NA,NA,NA,NA,NA,NA,NA,NA,NA,NA,NA
"1823",NA,NA,NA,NA,NA,0.690154857390868,NA,NA,NA,NA,NA,NA,NA,NA,NA,NA,NA
"1824",NA,NA,NA,NA,NA,0.881378673176193,NA,NA,NA,NA,NA,NA,NA,NA,NA,NA,NA
"1825",NA,NA,NA,NA,NA,0.960739057859178,NA,NA,NA,NA,NA,NA,NA,NA,NA,NA,NA
"1826",NA,NA,NA,NA,NA,0.912149826240124,NA,NA,NA,NA,NA,NA,NA,NA,NA,NA,NA
"1827",NA,NA,NA,NA,NA,0.866629021775142,NA,NA,NA,NA,NA,NA,NA,NA,NA,NA,NA
"1828",NA,NA,NA,NA,NA,0.96882889557329,NA,NA,NA,NA,NA,NA,NA,NA,NA,NA,NA
"1829",NA,NA,NA,NA,NA,0.810436922349746,NA,NA,NA,NA,NA,NA,NA,NA,NA,NA,NA
"1830",NA,NA,NA,NA,NA,0.573617093785088,NA,NA,NA,NA,NA,NA,NA,NA,NA,NA,NA
"1831",NA,NA,NA,NA,NA,0.844820421968728,NA,NA,NA,NA,NA,NA,NA,NA,NA,NA,NA
"1832",NA,NA,NA,NA,NA,1.12630665123127,NA,NA,NA,NA,NA,NA,NA,NA,NA,NA,NA
"1833",NA,NA,NA,NA,NA,0.961574573754136,NA,NA,NA,NA,NA,NA,NA,NA,NA,NA,NA
"1834",NA,NA,NA,NA,NA,0.921961451554342,NA,NA,NA,NA,NA,NA,NA,NA,NA,NA,NA
"1835",NA,NA,NA,NA,NA,1.0845573216991,NA,NA,NA,NA,NA,NA,NA,NA,NA,NA,NA
"1836",NA,NA,NA,NA,NA,1.11684149916252,NA,NA,NA,NA,NA,NA,NA,NA,NA,NA,NA
"1837",NA,NA,NA,NA,NA,1.30499784884029,NA,NA,NA,NA,NA,NA,NA,NA,NA,NA,NA
"1838",NA,NA,NA,NA,NA,1.67064199557398,NA,NA,NA,NA,NA,NA,NA,NA,NA,NA,NA
"1839",NA,NA,NA,NA,NA,1.37295626310351,NA,NA,NA,NA,NA,NA,NA,NA,NA,NA,NA
"1840",NA,NA,NA,NA,NA,1.53085864014195,NA,NA,NA,NA,NA,NA,NA,NA,NA,NA,NA
"1841",NA,NA,NA,NA,NA,0.872377742454136,NA,NA,NA,NA,NA,NA,NA,NA,NA,NA,NA
"1842",NA,NA,NA,NA,NA,1.00973153770456,NA,NA,NA,NA,NA,NA,NA,NA,NA,NA,NA
"1843",NA,NA,NA,NA,NA,1.03882599239383,NA,NA,NA,NA,NA,NA,NA,NA,NA,NA,NA
"1844",NA,NA,NA,NA,NA,1.09187824493812,NA,NA,NA,NA,NA,NA,NA,NA,NA,NA,NA
"1845",NA,NA,NA,NA,NA,1.50223527039237,NA,NA,NA,NA,NA,NA,NA,NA,NA,NA,NA
"1846",NA,NA,NA,NA,NA,1.35116874408387,NA,NA,NA,NA,NA,NA,NA,NA,NA,NA,NA
"1847",NA,NA,NA,NA,NA,1.34268071744232,NA,NA,NA,NA,NA,NA,NA,NA,NA,NA,NA
"1848",NA,NA,NA,NA,NA,1.22525517311541,NA,NA,NA,NA,NA,NA,NA,NA,NA,NA,NA
"1849",NA,NA,NA,NA,NA,1.19160503780944,NA,NA,NA,NA,NA,NA,NA,NA,NA,NA,NA
"1850",NA,NA,NA,NA,NA,1.20646807136421,NA,NA,NA,NA,NA,NA,NA,NA,NA,NA,NA
"1851",NA,NA,NA,NA,NA,1.26247010672183,NA,NA,NA,NA,NA,NA,NA,NA,NA,NA,NA
"1852",NA,NA,NA,NA,NA,1.18305722908816,NA,NA,NA,NA,NA,1.99640814154583,NA,NA,NA,NA,NA
"1853",NA,NA,NA,NA,NA,0.928608409230611,NA,NA,NA,NA,NA,1.97924704004257,NA,NA,NA,NA,NA
"1854",NA,NA,NA,NA,NA,1.33414379039859,NA,NA,NA,NA,NA,1.96208593853931,NA,NA,NA,NA,NA
"1855",NA,NA,NA,NA,NA,1.37950735290207,NA,NA,NA,NA,NA,1.60742317413862,NA,NA,NA,NA,NA
"1856",NA,NA,NA,NA,NA,1.28620703403819,NA,NA,NA,NA,NA,1.41865105760277,NA,NA,NA,NA,NA
"1857",NA,NA,NA,NA,NA,1.29360392165054,NA,NA,NA,NA,NA,1.43009179193827,NA,NA,NA,NA,NA
"1858",NA,NA,NA,NA,NA,1.10057393565145,NA,NA,NA,NA,NA,1.18411600372489,NA,NA,NA,NA,NA
"1859",NA,NA,NA,NA,NA,0.669313841510722,NA,NA,NA,NA,NA,1.09831049620859,NA,NA,NA,NA,NA
"1860",NA,NA,NA,NA,NA,1.12631308910461,NA,NA,NA,NA,NA,1.37288812026074,NA,NA,NA,NA,NA
"1861",NA,NA,NA,NA,NA,1.42802474064131,NA,NA,NA,NA,NA,1.26992151124119,NA,NA,NA,NA,NA
"1862",NA,NA,NA,NA,NA,1.37087720681618,NA,NA,NA,NA,NA,1.25848077690568,NA,NA,NA,NA,NA
"1863",NA,NA,NA,NA,NA,1.22960026245802,NA,NA,NA,NA,NA,1.40148995609951,NA,NA,NA,NA,NA
"1864",NA,NA,NA,NA,NA,1.10430983237703,NA,NA,NA,NA,NA,1.05254755886657,NA,NA,NA,NA,NA
"1865",NA,NA,NA,NA,NA,0.919759683520775,NA,NA,NA,NA,NA,1.2928029799122,NA,NA,NA,NA,NA
"1866",NA,NA,NA,NA,NA,1.17102606040385,NA,NA,NA,NA,NA,1.38432885459625,NA,NA,NA,NA,NA
"1867",NA,NA,NA,NA,NA,1.29037707147063,NA,NA,NA,NA,NA,1.32140481575096,NA,NA,NA,NA,NA
"1868",NA,NA,NA,NA,NA,1.23473898909658,NA,NA,NA,NA,NA,1.4758547292803,NA,NA,NA,NA,NA
"1869",NA,NA,NA,NA,NA,1.17841546080725,NA,NA,NA,NA,NA,1.35000665158973,NA,NA,NA,NA,NA
"1870",NA,NA,NA,NA,NA,1.03900857987565,NA,NA,NA,NA,NA,1.2928029799122,NA,NA,0.669476046804425,NA,NA
"1871",0.845832819162261,NA,NA,NA,NA,0.948557452979056,NA,NA,NA,NA,NA,1.20127710522815,NA,NA,0.849117455210312,NA,NA
"1872",0.923056183583613,NA,NA,NA,NA,1.0561923689945,NA,NA,NA,NA,NA,1.22987894106691,NA,NA,1.02550080662808,NA,NA
"1873",0.916474233636535,NA,NA,NA,NA,0.913449837485073,NA,NA,NA,NA,NA,1.1955567380604,NA,NA,1.01553806786456,NA,NA
"1874",0.966875499440362,NA,NA,NA,NA,0.965884244536938,NA,NA,NA,NA,NA,1.17267526938938,NA,NA,0.909334998782049,NA,NA
"1875",0.959228115944336,NA,NA,NA,NA,1.23593958690843,NA,NA,NA,NA,NA,1.0125049886923,NA,NA,1.140140126532,NA,NA
"1876",0.922950416779337,NA,NA,NA,NA,1.15331850159371,NA,NA,NA,NA,NA,1.38432885459625,NA,NA,0.914906218132353,NA,NA
"1877",1.08689146983173,NA,NA,NA,NA,1.2224722627868,NA,NA,NA,NA,NA,1.22987894106691,NA,NA,1.16920739991253,NA,NA
"1878",1.05426102486475,NA,NA,NA,NA,1.07624772398026,NA,NA,NA,NA,NA,1.37288812026074,NA,NA,0.920546124645731,NA,NA
"1879",1.15721420360767,NA,NA,NA,NA,1.16991410250336,NA,NA,NA,NA,NA,1.30424371424771,NA,NA,1.1941947638682,NA,NA
"1880",0.854236061257383,NA,NA,NA,NA,1.12852262364582,NA,NA,NA,NA,NA,1.12691233204736,NA,NA,0.9440686117764,NA,NA
"1881",1.22911489697203,NA,NA,NA,NA,1.33622006643921,NA,NA,NA,NA,NA,1.32712518291872,NA,NA,0.8978685243829,NA,NA
"1882",1.23220754196485,NA,NA,NA,NA,1.05397824592071,NA,NA,NA,NA,NA,1.30996408141546,NA,NA,0.811051552863358,NA,NA
"1883",1.18311160106196,NA,NA,NA,NA,0.986240989553883,NA,NA,NA,NA,NA,1.41865105760277,NA,NA,0.831570431762434,NA,NA
"1884",1.28725441280691,NA,NA,NA,NA,0.877736986090214,NA,NA,NA,NA,NA,1.33856591725422,NA,NA,0.825163636363637,NA,NA
"1885",1.35354135109442,NA,NA,NA,NA,1.19944723540687,NA,NA,NA,NA,NA,1.52733803379008,NA,NA,0.714680680355178,NA,NA
"1886",1.03971469148733,NA,NA,NA,NA,1.14643773624172,NA,NA,NA,NA,NA,1.30424371424771,NA,NA,0.798615797503737,NA,NA
"1887",1.1376648585269,NA,NA,NA,NA,1.16388861089362,NA,NA,NA,NA,NA,1.15551416788612,NA,NA,0.814803471781762,NA,NA
"1888",1.12310408378163,NA,NA,NA,NA,1.1815423365369,NA,NA,NA,NA,NA,1.18983637089264,NA,NA,0.821961205634928,NA,NA
"1889",1.01189296461439,NA,NA,NA,NA,1.37442198462568,NA,NA,NA,NA,NA,1.13835306638287,NA,NA,1.13609294845345,NA,NA
"1890",0.961548242176853,NA,NA,NA,NA,0.901446297943936,NA,NA,0.897322467024348,NA,NA,1.24131967540242,NA,NA,0.988071634880669,NA,NA
"1891",1.20561029887595,NA,NA,NA,NA,1.12104026009453,NA,NA,1.28325489571412,NA,NA,1.12119196487961,NA,NA,0.889814581964398,NA,NA
"1892",1.06888574744843,NA,NA,NA,NA,1.02858793275499,NA,NA,0.872796690058862,NA,NA,1.14979380071837,NA,NA,1.1239453584144,NA,NA
"1893",0.704769888994317,NA,NA,NA,NA,0.639122195601191,NA,NA,0.736232775820941,NA,NA,0.31462019422642,NA,NA,0.709956233643992,NA,NA
"1894",1.02115812806087,NA,NA,NA,NA,0.760253494253141,NA,NA,0.940761760642873,NA,NA,0.326060928561926,NA,NA,1.13588856969562,NA,NA
"1895",1.0415811458342,NA,NA,NA,NA,0.893662446409933,NA,NA,0.684605745804431,NA,NA,0.343222030065186,NA,NA,1.01815223427014,NA,NA
"1896",1.05219444579646,NA,NA,NA,NA,0.764875826940802,NA,NA,0.921802595463347,NA,NA,0.491951576426766,NA,NA,1.17610166104531,NA,NA
"1897",1.14283194350614,NA,NA,NA,NA,0.959693228188892,NA,NA,0.699186270993132,NA,NA,0.617799654117334,NA,NA,1.25516824948923,NA,NA
"1898",1.25347151171879,NA,NA,NA,NA,1.00425659826634,NA,NA,0.867280894746098,NA,NA,0.846614340827458,NA,NA,1.10364839931287,NA,NA
"1899",1.0275113013709,NA,NA,NA,NA,0.994453325607823,NA,NA,0.718336763386926,NA,NA,0.549155248104297,NA,NA,1.04576965698529,NA,NA
"1900",0.709764918658554,NA,NA,NA,NA,0.973439191668938,NA,NA,0.752060913940671,NA,NA,0.657842224291606,NA,NA,1.18690885773125,NA,NA
"1901",0.739381154141177,NA,NA,NA,NA,1.00780511224888,NA,NA,1.07086976948616,NA,NA,0.915258746840495,NA,NA,1.2051364738816,NA,NA
"1902",0.660563666123843,NA,NA,NA,NA,1.12669788216346,NA,NA,0.971448942540064,0.939438886609651,NA,0.800851403485433,NA,NA,1.2330439093422,NA,NA
"1903",0.704398403801912,NA,NA,NA,NA,0.874718472297563,NA,NA,0.911382959492233,1.05494366775018,NA,0.709325528801384,NA,NA,1.12687212704811,NA,NA
"1904",0.688562356855439,NA,NA,NA,NA,0.897698985200437,NA,NA,0.993050089638405,1.07419446460694,NA,0.949580949847013,NA,NA,1.21243955680703,NA,NA
"1905",0.797666322384738,NA,NA,NA,NA,0.898095136128985,NA,NA,1.07436804858725,1.18199892700477,NA,0.886656911001729,NA,NA,1.26961768344994,NA,NA
"1906",0.700867255692453,NA,NA,NA,NA,0.76601188174098,NA,NA,1.01713587817075,0.908637611638842,NA,0.858055075162964,NA,NA,1.06077651439056,NA,NA
"1907",0.790296087542365,NA,NA,NA,NA,0.632097100461906,NA,NA,1.26790902837815,1.20509988323287,NA,0.79513103631768,NA,NA,1.02548602251335,NA,NA
"1908",0.915881691985176,NA,NA,NA,NA,0.910893768561223,NA,NA,1.42750842960335,1.43610944551393,NA,0.669282958627112,NA,NA,0.975325929246172,NA,NA
"1909",0.899182703116264,NA,NA,NA,NA,0.893686275308563,NA,NA,1.22150847653401,1.17044844889071,NA,0.818012504988692,NA,NA,1.09119440771604,0.897274145887978,NA
"1910",0.779512133569768,NA,NA,NA,NA,0.959108097964993,NA,NA,1.44654793857466,1.21280020197557,NA,0.692164427298124,NA,NA,1.10474571153173,0.801819449516916,NA
"1911",0.329372411214073,NA,0.927074925010379,NA,0.853340045939398,1.09100689048404,NA,NA,1.15881648789286,1.21280020197557,NA,0.800851403485433,NA,NA,1.16765829319148,0.996547030113882,NA
"1912",0.950046334260751,NA,1.12455408118067,NA,0.984896636355055,0.846510479837625,NA,NA,1.41216238285653,1.03184271152208,NA,0.589197818278569,NA,NA,0.978870727824703,0.91636508516219,NA
"1913",1.58477358174474,NA,1.17927172939454,NA,0.970674302256065,1.03990006491267,NA,NA,1.55740634668768,1.27055259254584,NA,0.606358919781828,NA,NA,0.892956974878078,0.748364819549122,NA
"1914",1.6775410645712,NA,1.13540284055775,NA,0.89245146471162,0.748913157639406,NA,NA,1.41253479805957,1.16274813014801,NA,0.657842224291606,NA,NA,1.1399782691662,1.13781998074305,NA
"1915",1.73921957732947,NA,1.23998654981382,NA,0.82133979421667,0.962725784665441,NA,NA,1.44238667124017,0.916337930381545,NA,0.79513103631768,NA,NA,1.30379670542855,1.40891131843687,NA
"1916",1.52421639924675,NA,1.13142652459353,NA,0.750228123721721,0.438481694743339,NA,NA,1.29662876292013,0.927888408495598,NA,0.62924038845284,NA,NA,1.32338691691472,1.49672963909824,NA
"1917",1.20852535828264,NA,1.00469461252164,NA,0.700449954375256,0.211483226024447,NA,NA,1.25577359845317,0.796982989869663,NA,0.70360516163363,NA,NA,1.08656445159466,1.16072910787211,NA
"1918",0.870284714359397,NA,0.978034932805775,NA,0.657782952078286,0.325775280186875,NA,NA,1.27682387175762,0.97409032095181,NA,0.55487561527205,NA,NA,0.943990251524046,1.01563796938809,NA
"1919",0.86672456595217,NA,0.847874221063217,NA,0.650671785028791,0.35968428102351,0.703920233651556,NA,1.08545022236166,0.86243569918263,NA,0.423307170413729,NA,NA,0.643367551587361,0.87054683090408,NA
"1920",0.815664919304855,NA,0.826331150965584,NA,0.586671281583336,0.470353471560881,0.771664391509666,NA,1.02546680615083,1.00104143655127,NA,0.411866436078223,NA,NA,0.930339493696444,0.977456090839669,NA
"1921",0.764318460195925,NA,0.958514785175305,NA,0.451559107642931,0.480191323460644,1.14393074569296,NA,1.27799124527512,1.01644207403667,NA,0.354662764400692,NA,NA,0.984663991542882,0.927819648726717,NA
"1922",0.60184521428905,NA,0.649912062735041,NA,0.689783203801013,0.445017509072588,0.817604533110998,0.825726854383929,0.993384490278333,0.843184902325875,NA,0.634960755620593,NA,NA,1.04449599080917,0.763637570968492,NA
"1923",0.734885147139402,NA,0.910021478452332,NA,0.458670274692426,0.552251141284179,1.0873367098573,1.11597184365459,1.24488186342341,0.847035061697226,NA,0.526273779433285,NA,NA,1.11503301966197,0.744546631694279,NA
"1924",0.460578027294437,NA,0.723692091485385,NA,0.554671029860609,0.523615236601633,0.670090400384535,0.782564712098091,0.923717950188867,0.808533467983716,NA,0.371823865903951,NA,NA,1.04684161519533,0.355091470500349,NA
"1925",0.386940284903493,1.02660633377875,0.85397596613206,NA,0.327113684276769,0.619826041377591,1.09957327910877,0.694813431264077,0.977813799214721,0.86243569918263,NA,0.38898496740721,NA,0.761421786425617,1.31973784117918,0.717819316710382,NA
"1926",0.419224018602386,0.97263722871407,0.889430131702194,NA,0.398225354771719,0.690892136127887,1.27041894056795,0.951942887353965,1.18514739587448,0.831634424211822,NA,0.371823865903951,NA,0.843327715642715,1.34528854267897,0.782728510242704,NA
"1927",0.318736618827549,0.910821356651957,0.958265778486454,NA,0.451559107642931,0.676003095827525,1.50322884266099,1.06681672286018,0.774009920317074,0.877836336668034,NA,0.331781295729679,NA,0.855461927378581,1.03217834431628,0.748364819549122,NA
"1928",0.2871457545731,1.10571577305831,0.960001867620476,NA,0.419558855920204,0.647387920317203,1.48893062968206,1.02757625112046,0.954441789652613,0.777732193012908,NA,0.394705334574963,NA,0.837260609774782,1.06209946136746,0.790364885952389,NA
"1929",0.329987109036458,0.737052932228375,0.877316259046384,NA,0.337780434851012,0.244611993911983,1.01694342362276,0.861197350285912,0.801100046362169,0.469719443304825,NA,0.31462019422642,NA,0.691650068944385,0.834933024174654,0.607091868919951,NA
"1930",0.383535355053372,0.706420529498494,0.877038340208848,NA,0.376891853623234,0.547725753041255,0.766113329590195,0.849967291976136,0.706896822244881,0.677628049357781,NA,0.360383131568445,NA,0.621878351463153,0.764211712576998,0.675819250307115,0.708229118419021
"1931",0.511781806605044,0.799801794303455,1.01523738512652,NA,0.419558855920204,0.75889209109801,0.797824328936447,1.01592945901305,0.982993568248554,0.835484583583173,NA,0.371823865903951,NA,0.60671058679332,0.946881741113753,0.725455692420067,0.815624517523545
"1932",0.506819071906477,1.13655142563609,0.807833768410172,NA,0.458670274692426,0.681308850177309,0.89172171615081,1.07306590269968,0.914881237604306,0.796982989869663,NA,0.308899827058667,NA,0.785690209897349,0.998167622299757,0.763637570968492,0.928825073336421
"1933",0.571223020130135,1.09969934645927,0.81734331469145,NA,0.430225606494446,0.560473663009438,0.780577589269129,0.979444789340504,0.748400560012553,0.758481396156152,NA,0.377544233071704,NA,0.791757315765283,1.07647972594947,0.595637305355423,0.809819360815192
"1934",0.774570646155549,1.23833803952932,1.03883881199686,NA,0.476448192316164,0.953154114563393,0.822074370379619,1.23452534888492,0.878272739824027,0.719979802442642,NA,0.337501662897432,NA,0.834227056840815,0.791646031977233,0.874365018758923,0.676300756523082
"1935",0.66277469651377,1.04560177638929,0.854740025235001,NA,0.540448695761619,0.725789617232484,0.950498496155885,0.952919310957746,0.853003505792374,0.777732193012908,NA,0.308899827058667,NA,0.679515857208518,1.06305413090546,1.11872904146884,0.615346611085379
"1936",0.513390956285302,1.0126547980807,0.917501000804766,NA,0.632893867405053,0.889264165111352,1.0538744244749,1.25314223514931,0.719044037956222,0.685328368100483,NA,0.263136889716642,0.639135654261705,0.670415198406619,0.959261752754723,1.17982004714632,0.722742010189903
"1937",0.604604064909699,0.885325320079644,0.842452227241342,NA,0.544004279286366,0.672214868821755,0.886154754636698,1.1303585741549,0.99389347803848,0.962539842837757,0.744181930802584,0.62924038845284,0.612725090036014,0.858495480312548,0.892553229580767,1.08054716292042,0.63856723791879
"1938",0.674470476700319,1.02180327295998,1.03480403142914,1.08872212091457,0.600893615682326,0.998112637266852,0.964998558712381,1.32716370648469,1.08270039432238,1.01644207403667,0.849393858950535,1.02966609019556,0.81608643457383,0.803891527501149,1.1185531387922,1.45854776054982,0.676300756523082
"1939",0.760441526119562,1.15366586876833,1.28786938124292,0.428250806564736,0.79289512601869,0.962015568641986,1.02404281882512,1.17385552640421,1.02862131871163,0.839334742954524,1.15476506503849,0.72076626313689,0.818727490996399,0.867596139114448,0.779418782809635,1.17218367143663,0.658885286398024
"1940",0.766099142608295,1.16753931210527,1.34278619948063,0.488567821573853,0.686227620276266,0.984538035583368,1.06982408101656,1.03752934866664,0.877011792681037,0.985640799065863,0.908415184496947,0.543434880936544,0.789675870348139,0.916132986057913,0.908227411441169,1.00800159367841,0.539879573876795
"1941",0.814613044727137,1.02097287471735,1.07342157522218,0.536821433581147,0.654227368553538,0.828308978724997,1.15726954130293,1.25222280138574,0.818944005767526,1.08574494272099,1.73727988673569,0.509112677930025,0.721008403361345,0.785690209897349,0.840303052196158,1.10727447790431,0.6617878647522
"1942",0.718389051505183,1.0161099493629,1.26202202040293,0.711740777107589,0.82133979421667,1.05318505141098,1.19040469440889,1.14650946845998,1.06231844917846,1.13579701454855,1.61923723564286,0.509112677930025,0.765906362545018,0.998038915275011,1.16329888639903,1.33636574919486,0.676300756523082
"1943",0.782968076706947,1.08277404164766,1.41410786611988,0.554916538083883,0.917340549384853,1.17553236452382,1.23629976754935,1.1851636208608,0.944145980165751,1.12039637706315,1.80143350146005,0.634960755620593,0.794957983193277,1.12241458556764,1.13457567400753,1.59982071117899,0.795306469044311
"1944",0.718823464687459,1.03791409387262,1.41259772842181,0.645392060597559,0.89245146471162,1.07812095443102,1.20367634827039,1.00727381794534,1.13687358080653,1.07419446460694,1.33952747544465,0.491951576426766,0.747418967587035,1.13454879730351,1.11118611087189,1.07672897506557,0.676300756523082
"1945",0.837064618504805,1.06770623441725,1.2971473777925,0.560948239584795,0.956451968157075,1.13326296308515,1.12775723735751,0.942288486700609,1.29369780965596,1.14734749266261,1.19582337846208,0.606358919781828,0.821368547418968,1.07387773862418,1.03183971908219,1.03854709651715,0.702423961710668
"1946",0.864109101005252,1.25828194200402,1.25712911098453,0.711740777107589,1.02756363865202,1.22038756331544,1.01993242149145,1.07405543025377,1.04449095903216,1.04339318963613,1.1137067516149,0.634960755620593,0.927010804321729,1.07994484449211,0.968672282974069,1.22563830140443,0.806916782461016
"1947",0.907255760659022,1.11794828847166,1.19741233318203,0.560948239584795,0.817784210691923,1.16785573508786,0.902255389309192,1.16186023244722,0.852863383240781,1.10114558020639,1.09830988408105,0.531994146601038,0.665546218487395,1.11331392676574,1.14109990537952,1.05381984793652,0.80401420410684
"1948",0.676560283592614,0.85300580654791,1.09514736033077,0.431266657315191,0.903118215285863,0.932631488642115,0.841386069910047,1.05700901037409,0.856672326673209,1.05879382712153,0.816033979293868,0.55487561527205,0.628571428571429,1.01624023287881,0.86906421889946,0.90109233374282,0.74886521537749
"1949",0.601506111940523,0.98596981581572,0.989834269064093,0.506662926076589,0.842673295365155,1.11583982222773,0.623397724182219,1.05131400486194,0.855775659290818,0.970240161580459,0.818600123882842,0.623520021285087,0.805522208883553,1.11028037383178,0.92348315646814,0.588000929645739,0.644372394627142
"1950",0.671447018769545,1.44547948114113,1.18789737910274,0.557932388834339,1.01334130455303,1.14941409939174,1.01212151817414,1.19321655845979,1.12260928058892,1.07419446460694,0.972568799221308,0.652121857123853,0.974549819927971,1.06477707982228,1.10346888384455,1.03091072080746,0.490535741855797
"1951",0.703796111290921,1.61994801504366,1.19910830350849,0.775073642867162,0.757339290771216,1.1105776230682,1.14341891873355,1.04608503187179,0.974566880349509,1.1088458989491,0.777541810459251,0.755088466143408,1.06170468187275,1.04960931515244,1.01077718303268,1.26382017995285,0.664690443106376
"1952",0.542706871240493,1.19623020753123,0.923183317327102,0.609201851592089,0.796450709543438,1.11192793399134,0.852262515811075,0.875855079413566,0.912955112722281,0.989490958437214,0.554287231218476,0.760808833311161,0.858343337334934,0.779623104029416,0.865744581605345,0.962183339420299,0.676300756523082
"1953",0.569656610621223,1.17627645231339,0.863898502016556,0.46142516481975,0.693338787325761,0.931852941537622,1.40227065379652,1.33112131813021,0.854756127905009,0.916337930381545,0.697991328201044,0.772249567646668,1.00096038415366,1.04657576221848,0.9037536890834,0.851455891629868,0.751767793731666
"1954",0.569733549466186,1.04945943294011,0.965845200131962,0.56396409033525,0.721783455523741,1.26434580397235,1.57321026606481,1.54848680983792,0.828853760469856,1.02799255215072,0.754446509158482,0.692164427298124,1.00360144057623,1.11028037383178,0.94206877849528,0.958365151565457,0.69371622664814
"1955",0.49992309201997,0.805011897578923,0.876902227804079,0.545868985832515,0.604449199207073,0.956539588603616,0.749957344149574,1.21299681771418,0.753978496042932,0.939438886609651,0.613308556764888,0.692164427298124,0.974549819927971,0.840294162708748,0.870438070659005,0.820910388791128,0.728547166898255
"1956",0.569870823038515,0.681153439828144,0.923945285065554,0.524758030579324,0.661338535603033,1.10037335053463,1.44170600725908,1.30415218333263,0.789755748327514,0.885536655410736,0.654366870188479,0.863775442330717,0.903241296518608,0.970736938869312,1.02545826984917,0.832364952355656,0.714034275127374
"1957",0.596815544639857,0.878903993785631,1.09125028618959,0.591106747089353,0.814228627167175,1.33211912488212,1.71800953106118,0.97599971269523,0.75223566231887,1.10114558020639,0.882753738607203,0.789410669149927,1.32581032412965,1.21645472652061,1.11153919491162,0.786546698097546,0.835942566002779
"1958",0.699042608478201,0.848995123112672,1.04137969363392,0.889675971384486,0.84978446241465,1.23196889551422,1.50505559362967,0.849642857422617,0.847783626616914,1.22820083946098,1.14193434209362,0.835173606491951,1.51596638655462,1.28622644400184,1.25119168495517,0.771273946678177,1.00429211054501
"1959",0.666840457060142,0.790162886803325,0.888944785361559,0.756978538364427,1.1982316478399,1.1039172229603,1.04863779862539,0.69660251651193,0.804791500082558,0.904787452267491,0.936642774975666,0.686444060130371,1.24129651860744,1.08904550329401,0.979112665093466,0.530728111823102,1.18715454685811
"1960",0.672275485383253,0.80734714715697,0.96284592811235,0.759994389114883,0.817784210691923,0.964758828062969,1.10994507962119,0.861106869655347,0.619831762841321,0.908637611638842,0.821166268471817,0.680723692962618,1.38919567827131,0.913099433123947,1.03645461930375,0.576546366081211,1.07395399104524
"1961",0.57013460086517,0.718328530610152,0.852908704180336,0.585075045588442,0.643560617979296,1.01775157057757,0.815344342520053,0.596631279648599,0.472395731601911,0.789282671126961,0.808335545526945,0.583477451110816,1.00360144057623,0.737153362953884,0.808809423320416,0.588000929645739,0.957850856878184
"1962",0.521765075385826,0.795743864491329,1.01900280184543,0.763010239865339,0.83556212831566,0.821626786847653,0.778790986442837,0.715058232070535,0.609211153199985,1.03569287089343,0.808335545526945,0.577757083943062,0.958703481392557,0.773555998161483,1.12271013975709,1.03091072080746,0.879481241315424
"1963",0.71545826490066,0.664326723841062,1.24126405186296,0.965072240145883,0.867562380038388,1.33387964391189,0.971904556468647,0.799331846267573,0.58296335112529,1.02799255215072,0.949473497920538,0.491951576426766,1.14621848739496,0.976804044737245,0.911514113716677,1.17600185929148,1.00429211054501
"1964",0.887654231401811,0.701132879070692,1.19662072437587,1.21237200168327,0.938674050533338,1.06422805058111,0.891191784418259,0.900653373252705,0.878488329534712,0.854735380439928,0.887886027785152,0.70360516163363,1.12244897959184,1.14364945610541,0.867161306110505,1.4661841362595,1.14651844989964
"1965",0.763964951750369,0.865317351630897,1.12823874543726,0.998246598400898,1.24445423366162,1.11084706353027,0.553316757428046,0.745141122198679,0.638911449226291,0.816233786726418,0.751880364569507,0.743647731807902,1.25450180072029,1.21948827945457,0.810340276134562,1.33254756134002,1.06234367762853
"1966",1.06530416359144,1.11182153348824,0.990013196861085,1.09475382241549,1.2053428148894,1.07491350333854,0.788803874650289,0.970453051873349,0.854619872169743,0.90093729289614,0.93920891956464,0.920979114008248,1.34957983193277,1.38330013788877,0.935225368660418,1.32109299777549,1.06524625598271
"1967",1.02231245681081,1.00233946470765,1.08723765541529,1.07062701641184,1.15912022906768,1.26276611762389,0.544802352784394,0.744973534987355,0.839534026919524,0.793132830498312,0.774975665870277,1.14979380071837,1.36278511404562,1.3893672437567,0.93919761019408,1.187456422856,1.09136946117029
"1968",0.952408663474864,1.02679167427388,0.922052447503776,0.735867583111236,1.15200906201819,1.08589553153031,0.713243398588859,0.88124233117855,0.690304677376236,1.02029223340802,0.921245907441819,0.875216176666223,1.42088835534214,1.24982380879424,0.900330841544502,1.15691092001726,1.01590242396171
"1969",0.963211459370754,0.88475022210205,0.711226019278855,0.962056389395427,1.22667631603788,1.2773912486897,0.725724794843596,0.698429116458446,0.889103107938102,0.843184902325875,0.841695425183612,0.789410669149927,1.34957983193277,0.958602727133446,0.768867037217417,1.29054749493675,1.02751273737842
"1970",0.887911584043159,0.844461675774429,0.850420052644639,0.93792958339178,1.09511972562223,0.818079168044643,0.76661886910536,0.767642119143694,0.868066474462941,1.03569287089343,0.833996991416689,0.686444060130371,1.20696278511405,1.23768959705837,0.667159064265133,1.12636541717853,1.18134939014976
"1971",0.984810716748109,0.800490267677531,0.767926413844375,0.992214896899986,1.27645448538435,1.08837988761531,0.782786949727695,0.67569833753761,0.775594029762808,0.719979802442642,0.749314219980533,0.543434880936544,1.09339735894358,1.10117971502988,0.70106215473993,0.969819715129984,0.986876640419947
"1972",1.18396558795509,1.09833417945567,0.895520647314127,1.35110113620424,1.58934583556213,1.19711998657129,1.03889143724685,0.922853840604246,0.791718102182413,1.05879382712153,0.726218918679763,0.640681122788346,1.2703481392557,1.11028037383178,0.75395252944656,0.893455958033135,1.01880500231589
"1973",1.00102051278289,0.918542591170156,0.860085131472059,1.27268901669238,1.78845851294799,1.13951708124067,0.864062087524,0.934817721845363,0.669583663972998,0.985640799065863,0.769843376692328,0.835173606491951,0.974549819927971,0.885797456718247,0.8260784528608,1.05000166008168,1.16683649837888
"1974",1.38855269091161,1.08608699055967,1.09839540082204,1.07967456866321,1.43645574399799,1.33091425586544,1.29094313576834,1.07616909738835,0.813080848492979,1.02799255215072,0.859658437306433,0.715045895969137,1.01680672268908,1.04657576221848,0.79198123020126,1.29436568279159,1.23359580052493
"1975",1.53390763902093,0.787756733580429,0.737185694829365,0.971103941646795,1.60712375318587,1.36438975190153,1.20685170117856,0.907125469378825,0.823777994631959,0.885536655410736,0.792938677993098,0.737927364640149,1.00360144057623,1.04657576221848,0.864908597432508,1.06909259935589,1.26552416242087
"1976",1.79229466009835,0.940423601408596,1.02819542857015,1.025389255155,1.42578899342374,1.03101180515039,1.1774122096893,0.904687282012549,0.738630583211062,1.04339318963613,0.80576940093797,0.589197818278569,0.929651860744298,0.861529033246514,0.767270880276022,0.809455825226601,1.07395399104524
"1977",1.00112463394414,0.640920055888851,0.659532035175817,0.473488567821574,1.41156665932475,0.969258431887772,0.780458374095856,0.639777531474486,0.48783092632086,0.781582352384259,0.549154942040527,0.24025542104563,0.604801920768307,0.506603339972422,0.477690690708319,0.355091470500349,1.00429211054501
"1978",1.24874129351926,0.93140278160688,1.11199714632253,0.859517463879927,0.82133979421667,0.927051064792649,0.901377824143374,0.807345651003966,0.970034157967737,1.06264398649288,0.85196000353951,0.612079286949581,1.01680672268908,0.849394821510648,0.812493601072501,0.878183206613765,0.577613092481087
"1979",1.04422675455941,0.801593879177654,0.814124706221404,0.832374807125824,1.15912022906768,0.88395035436237,0.610471709888854,1.01663082033948,0.573929130102007,0.966390002209108,0.803203256348996,0.646401489956099,1.25714285714286,0.74018691588785,0.44983537355262,0.557455426806999,1.11168750964953
"1980",1.44256649926677,0.892713173277278,1.06349407938004,1.15808668817506,1.422233409899,0.754875771878901,1.14220269450386,1.22194815350848,0.825406716117107,1.06264398649288,0.980267232988231,1.0239457230278,1.48955582232893,0.943434962463613,0.761702894063193,0.717819316710382,0.844650301065308
"1981",1.3833801658504,0.906915138818849,1.04090765795096,1.13697573292187,1.64623517195809,0.966857377830449,0.83099820266344,1.12328197437197,0.946122535879068,0.90093729289614,0.952039642509512,1.02966609019556,1.21224489795918,0.943434962463613,0.732721362634473,0.622364620339321,1.06814883433688
"1982",1.36725325409298,0.953700279887339,1.17512863283146,1.22141955393463,1.39378874170102,0.749042752293788,1.23070857231232,0.97185035989398,1.02136361660205,0.962539842837757,0.918679762852845,1.22415857389916,1.22016806722689,0.92826719779378,0.846777736603033,1.03472890866231,0.91431218156554
"1983",1.55029397585011,0.824214579596649,0.988725065069362,1.00126244915135,1.59645700261162,0.954442694876071,0.96040405126555,0.821535892984828,1.27332701145698,0.947139205352353,1.05725157065746,1.22987894106691,1.16734693877551,1.00713957407691,0.824463112949819,0.981274278694512,1.31486799444187
"1984",1.57723006509021,1.08773616437118,0.98037046721901,1.15205498667415,1.40445549227526,1.21964241579619,1.13080399516039,0.927415179270054,1.39804896638684,0.997191277179916,1.003362534289,0.818012504988692,1.38655462184874,1.14668300903937,0.880823936001763,1.02327434509778,1.19005712521229
"1985",1.77642463954617,1.14892470481983,1.00391035003669,1.025389255155,1.76356942827476,1.04224261322807,0.680435683964959,0.796468682298298,0.782705391341139,1.22050052071828,0.816033979293868,0.829453239324198,1.06170468187275,1.11331392676574,0.739596860176954,0.801819449516916,1.30325768102517
"1986",1.8679590188528,1.49246130869535,1.17364572772226,1.3058633749474,1.25512098423586,1.04221484885966,1.03070489124785,1.0345509881263,1.12044293759179,1.52851327042636,1.19325723387311,0.909538379672742,1.19639855942377,1.3802665849548,1.15432525259151,1.2676383678077,1.19586228192064
"1987",1.30274040917252,1.37254971654346,0.969761334949246,0.805232150371721,1.35467732292879,0.984894371768784,0.720421322445849,0.736037084926537,1.11406385844549,1.305204026888,0.798070967171047,0.938140215511507,0.900600240096038,1.37723303202084,1.03971600551504,0.927819648726717,1.33808862127528
"1988",1.27045365488121,1.19788966136908,0.724320141904212,0.73285173236078,1.31201032063182,0.764180363299764,0.810120759434303,0.619455749223628,0.848671955905151,1.17044844889071,0.682594460667198,0.858055075162964,0.73421368547419,0.998038915275011,0.957517474768953,0.66818287459743,1.14651844989964
"1989",1.15741543799688,1.12239664448013,0.806800285235962,0.615233553093,1.422233409899,0.842917136094622,0.537025811654079,0.719240970006432,0.798320387771575,1.12809669580585,0.785240244226175,0.812292137820939,0.829291716686675,0.837260609774782,1.09654954723905,0.664364686742588,0.920117338273892
"1990",1.44812744003445,1.41735625841187,1.03497074805022,1.20030859868144,1.04534155627576,1.36141699617887,0.756310540430512,0.924185058338148,0.905381598906605,1.40915832991448,1.06238385983541,1.11547159771185,1.10924369747899,0.91916653899188,1.3315160298176,0.874365018758923,1.25391384900417
"1991",1.20588513075462,1.21312876325071,0.946781523361822,0.928882031140412,1.6995689248293,1.22116889872564,0.736115578208013,0.782831717980943,0.653177827817532,1.14734749266261,0.708255906556942,1.01822535586005,1.01680672268908,1.12848169143558,0.916775676233904,0.908728709452505,1.19586228192064
"1992",1.09284136637037,1.19763787923878,0.953112840674325,1.00729415065227,1.35467732292879,1.51359585915314,0.8699286387993,1.14259727659189,0.962742899572415,1.22050052071828,0.880187594018229,1.25848077690568,1.03529411764706,1.14971656197334,1.18041378269462,1.06527441150105,1.14071329319129
"1993",1.23281951874477,0.915465621316955,0.794744307809381,1.025389255155,1.50045624744344,1.35953446176457,0.880508440349948,1.01618783855416,1.15795821298782,1.01644207403667,0.926378196619768,1.49873619795131,1.09339735894358,1.15578366784127,1.13120358993536,0.912546897307348,1.47450980392157
"1994",1.200526075321,0.826446262549647,0.651319182563327,0.928882031140412,1.05245272332526,1.18945945762909,0.749648160930746,0.99463685636152,1.03927536103108,1.23975131757503,0.934076630386692,1.32712518291872,0.887394957983193,1.17701853837904,1.0333005301419,0.962183339420299,1.4222633935464
"1995",1.31897126047544,0.984510680147573,0.810673993414956,1.06157946416047,1.10223089267172,1.30366998489226,1.08689683631604,0.853560536072291,0.900820373906595,1.25515195506043,1.00079638970003,2.05933218039111,1.12244897959184,1.10117971502988,1.27362558525684,1.25236561638833,1.55287941948433
"1996",1.35127984093778,1.15405024195385,1.08760753004888,1.14602328517324,1.42934457694849,1.63615947793735,1.0991206220269,0.86642407599506,0.792293135279461,1.38990753305772,1.14193434209362,2.23094319542371,1.28355342136855,1.25892446759614,1.6414762598263,1.51200239051761,1.39033503165046
"1997",1.41588988954077,1.31087555899835,1.01856650258732,1.43856080796746,1.53956766621566,1.56582775104653,1.21317143557718,1.23663183212657,0.601352458944564,1.34755577997286,0.397752411291036,1.87056006385526,1.38919567827131,1.23162249119044,1.6494663036661,1.85945748530828,1.43967886367145
"1998",1.13056366375038,0.730884036011703,0.679198491252619,0.901739374386309,1.72090242597779,1.23396721617795,0.788631025324542,0.750873118868972,0.716972816020428,1.04724334900748,0.331032651977701,1.6703472129839,1.09075630252101,1.00713957407691,1.32743230034361,1.59218433546931,1.16103134167053
"1999",1.29746191783926,0.869674367238757,0.924648780555508,1.33903773320241,1.23378748308738,1.13063644118859,1.03295731049248,1.35959096420411,0.991293695889592,1.1319468551772,0.579948677108221,1.56166023679659,1.28355342136855,1.13758235023748,2.01858077640679,1.57691158404994,1.35840666975452
"2000",1.04443404240078,0.904220440721863,0.793728662177378,1.51697292747931,1.69245775777981,1.14450368555758,1.08473892871878,1.03622467323293,1.24864568271968,0.993341117808565,0.890452172374126,1.48157509644805,1.18319327731092,0.961636280067412,1.75902412991633,1.66091171685647,1.102979774587
"2001",0.931380148765094,0.833431521239741,0.768421365076681,1.13999158367232,1.2728989018596,0.875743882325836,0.814584098075963,1.03329744669984,1.21518578984407,1.00104143655127,0.910981329085922,1.36716775309299,1.0484993997599,0.876696797916347,1.63945147162726,1.37836581559813,1.18134939014976
"2002",0.92599957840309,0.846778774977075,0.730743564190097,1.17316594192734,1.21956514898839,0.750280011430757,0.840940381508291,0.609873743184151,1.27715091389727,1.02799255215072,1.12140518538182,1.37288812026074,1.07755102040816,0.964669833001379,1.76941212766175,1.16836548358179,1.19295970356647
"2003",1.32978262653311,1.19641889440096,1.28874808370624,1.17618179267779,1.19467606431516,0.635431197161721,1.16635747225897,1.00206694746927,1.16641653484896,1.21665036134692,1.18042651092824,1.49301583078356,1.12773109243697,1.19521985598284,1.91507509891437,1.68763903184037,1.4832175389841
"2004",1.28133272240605,1.16471440638552,1.27743879575736,1.230467106186,1.52178974859193,0.825404844354478,1.10895180120957,0.886165439278539,1.26059655046398,0.850885221068577,1.14193434209362,1.43009179193827,0.927010804321729,1.03444155048261,1.30968180013156,1.3401839370497,1.19586228192064
"2005",1.4859192461115,1.14697041702543,1.35712810945796,1.10681722541731,1.45423366162172,1.14778316455613,1.55305615978614,0.965500786739534,1.27142952615398,1.1319468551772,1.26510928236439,1.6589064786484,1.13565426170468,0.931300750727746,1.32358756778133,1.77927554035659,1.39904276671298
"2006",0.958312620248009,1.10402208552467,1.33347972170047,1.12491232992004,1.2800100689091,0.88998598250897,1.24643190349942,0.974062046204476,0.906627596245101,1.03569287089343,1.15989735421644,1.76187308766795,0.623289315726291,1.05264286808641,1.22068322665636,1.34782031275939,1.25681642735834
"2007",0.775265926534306,1.13598910723929,1.25409456033732,0.759994389114883,1.10934205972122,0.858061234066458,1.41128711277449,0.991009773342733,1.09807444983075,1.02799255215072,1.18299265551721,2.09937475056539,0.604801920768307,0.907032327256014,1.32243848718897,0.958365151565457,1.07395399104524
"2008",1.02292249986012,0.977580662954483,0.741324689174193,0.850469911628559,1.29778798653283,0.781045723657278,1.04801456141857,1.09268651165594,1.24506642501198,0.685328368100483,1.25227855941952,1.49301583078356,0.538775510204082,0.791757315765283,0.960006484398155,0.66818287459743,0.862065771190366
"2009",0.942167319855259,1.02723782384808,1.02422605865631,0.793168747369898,1.25156540071112,1.06036213720865,1.14948666005583,0.825084957675566,1.64141111933763,1.05879382712153,1.45243783735953,1.80191565784222,0.636494597839136,0.973770491803279,1.06146622094379,1.0614562236462,1.12910297977459
"2010",1.534389582276,1.12409521511872,1.15378920167747,1.0525319119091,1.21245398193889,1.34723568567698,1.76440500549564,1.08469558760522,1.60718243851522,1.17429860826206,1.40624723475799,1.62458427564188,0.831932773109244,0.825126398038915,0.835678244620563,1.15691092001726,1.16103134167053
"2011",1.88972510471455,1.27578218822578,1.02127820476022,1.07967456866321,1.29423240300809,1.56522011315658,1.86349017467031,1.20479936640262,1.7568604672114,1.25130179568908,1.53712060879568,2.18518025808168,1.09867947178872,0.998038915275011,1.00505199996732,1.05381984793652,1.41065308012969
"2012",1.88434422559001,1.31555393574136,0.994431244185411,1.32395847945013,1.27645448538435,1.77364760377348,1.68013836884155,1.49358536071081,1.56413148117589,1.45921040174204,1.62950181399876,2.03073034455235,1.20696278511405,1.21645472652061,1.01032951996255,0.966001527275142,1.30616025937934
"2013",1.85204386945212,1.18420033212825,1.07470173298084,1.01031000140272,0.856895629464145,1.59344951052309,1.17328272468675,0.954868974358223,1.3502882158227,1.04724334900748,1.37801964427927,2.0364507117201,0.853061224489796,1.02534089168071,0.879230446321574,0.771273946678177,1.06524625598271
"2014",1.06061957149006,0.70869805738245,1.00317857027015,0.337775284051059,1.08445297504798,1.20005615918361,0.765466210454346,0.758927200133327,0.962517673204095,0.854735380439928,0.977701088399257,1.24131967540242,0.472749099639856,0.779623104029416,0.449567934930075,0.454364354726253,0.809819360815192
"2015",0.802195496513105,0.824016932920324,1.02657475498781,0.588090896338897,0.224001762059092,0.600531938971437,0.784083826872072,1.24915116008658,0.878683641569763,0.796982989869663,1.11627289620388,1.57882133829985,0.51500600240096,0.755354680557684,0.444305948063001,0.626182808194163,0.699521383356492
"2016",0.926025398666177,1.02063244687923,0.768336633016,1.60744844999299,0.618671533306063,0.938589899540852,0.915021484171494,1.3452907168185,1.22819782679581,0.816233786726418,1.41907795770286,0.955301317014767,0.956062424969988,1.25892446759614,0.569913615036804,1.11109266575916,1.08846688281612
"2017",1.29212984210058,1.12614482072914,1.48508235260686,1.69490812175621,1.02756363865202,0.818725305590147,0.81284231610105,1.40252257161089,1.23819372742454,1.12039637706315,1.66029554906645,1.41865105760277,0.855702280912365,1.20432051478474,0.596216115569241,1.11872904146884,1.01299984560753
"2018",1.23829232231308,1.15094181268673,1.34255922561036,2.25284051059055,1.20178723136465,0.881785737414153,0.768306579893867,1.2049466782129,1.36224190800743,0.881686496039385,1.22918325811875,1.33856591725422,0.837214885954382,1.31049486747357,0.755149644470855,0.862910455194395,1.18715454685811
"2019",1.3352033780166,1.02789241951469,1.24413304381937,2.17744424182915,1.09867530914697,0.998352415689143,0.796328962581795,1.41184936013335,1.3926606478004,0.78543251175561,1.40111494558004,1.61314354130637,0.752701080432173,1.3438639497472,0.712301320540022,0.500182608984362,0.972363748649066
"2020",1.49672118393412,0.896810905121505,1.04074801019792,2.55140973488568,0.99200780340455,0.664073817926134,0.852298588120969,1.31456017073266,1.14661214915545,0.735380439928046,1.19582337846208,1.38432885459625,0.948139255702281,1.03747510341658,0.653242489167084,0.66818287459743,1.13200555812876
"2021",1.73899756025167,0.71681062777881,0.783487380245845,2.08093701781456,0.874673547087883,0.976012363999344,0.593592148019773,0.821384839887131,0.993925819696447,0.71227948369994,1.03928855853464,1.18983637089264,0.805522208883553,1.17095143251111,0.411515975734204,0.813274013081444,0.763378107148371
"2022",1.67977595366775,0.714643318400285,0.943635243181316,2.26791976434283,1.12711997734495,1.20757090857739,0.830878796186253,1.31375374364123,1.5317606660822,0.931738567866949,1.38058578886824,1.63030464280963,1.03793517406963,1.07691129155814,0.827593196245681,1.19891098642053,1.01880500231589
"2023",1.14138699291539,0.578150037962279,0.789187423736607,1.52602047973068,1.00623013750354,0.933772374236627,1.07590521117544,1.32657623035885,1.24324483737448,0.773882033641556,1.49349615078312,2.21378209392045,1.2703481392557,0.922200091925847,0.656161855090188,1.03854709651715,0.870773506252895
